Group,Group2,RMSE,CIC,Diff_mean,Distinct,p_value
1,2,0.03 (0.04),94.8 (22.21),0.03 (0.03),0 (6),0.518882267541285 (0.291003762102916)
1,3,0.03 (0.04),95.7 (20.3),1 (0.04),100 (0),2.32275208314198e-79 (6.64817336833184e-78)
1,4,0.03 (0.04),94.6 (22.61),4.99 (0.04),100 (0),0 (0)
1,5,0.03 (0.04),95.9 (19.84),9.99 (0.04),100 (0),0 (0)
1,2,0.03 (0.04),94.4 (23),1 (0.05),100 (0),1.19539365803755e-77 (3.51671252498241e-76)
1,3,0.16 (0.19),95.5 (20.74),1 (0.16),100 (0),6.10816339174298e-06 (6.84391694598139e-05)
1,4,0.31 (0.37),95 (21.81),0.99 (0.31),83 (37),0.0278257023137946 (0.0794221865824062)
1,5,0.62 (0.75),95.2 (21.39),1.04 (0.58),31 (46),0.220964540300285 (0.257207620317521)
